{"index.md":"BSdeJAv0","what.md":"ChbS8DYf","zhouyi_18.md":"TlPQ6g1R","zhouyi_29.md":"vcei16cI","zhouyi_35.md":"B3MBzR_x","zhouyi_3.md":"XA1MgGxD","zhouyi_4.md":"BStUdn60","zhouyi_56.md":"CpKwBxTF","zhouyi_45.md":"pLZ0ekps","zhouyi_6.md":"BukDzV-1","zhouyi_17.md":"D1WlfBwA","zhouyi_40.md":"BirtBTc2","zhouyi_30.md":"CbL05TIq","zhouyi_46.md":"Bw1cgj2n","zhouyi_62.md":"BSpKR3mt","zhouyi_34.md":"CkVXuaCq","zhouyi_37.md":"aRTwpCNI","zhouyi_8.md":"CcjUzjH1","zhouyi_61.md":"B9hRlqa9","zhouyi_24.md":"Dm_Bk_o8","zhouyi_9.md":"BdTHzxlk","zhouyi_51.md":"C4z5-Kxw","zhouyi_7.md":"BauHeL58","zhouyi_53.md":"DU2vdjZZ","zhouyi_10.md":"D0BKk6cS","zhouyi_39.md":"ZxlyjxEd","zhouyi_54.md":"B-tk94mY","zhouyi_2.md":"BWeHY49r","zhouyi_55.md":"CKbSbCUi","zhouyi_60.md":"syRzBRwT","zhouyi_27.md":"BSnODGkE","zhouyi_64.md":"CYaRF9Zc","zhouyi_44.md":"nD8Jw56X","zhouyi_20.md":"CWAOl2So","zhouyi_28.md":"Y0zB0_vq","zhouyi.md":"D2lLbeQ5","zhouyi_58.md":"0oW3HoFG","zhouyi_49.md":"CQSlrO1v","zhouyi_57.md":"BrTjanKH","zhouyi_48.md":"BNLJscUk","zhouyi_63.md":"Dm1dBv51","zhouyi_12.md":"Do26iZED","zhouyi_52.md":"BWGJi4QI","zhouyi_38.md":"D2VU1fyC","zhouyi_23.md":"DdQRx48S","zhouyi_59.md":"DGADzx1_","zhouyi_16.md":"DOjHX3Un","zhouyi_50.md":"CvcHZU6C","zhouyi_19.md":"DFMkvq2M","zhouyi_1.md":"CtrREoAi","zhouyi_43.md":"Q2zzLSYF","zhouyi_15.md":"Bp3LSzma","zhouyi_47.md":"DA6YJ-pi","zhouyi_22.md":"Be3QICLy","zhouyi_14.md":"CUcaLACP","zhouyi_32.md":"CtrEhxLC","zhouyi_41.md":"pCfw7_bv","zhouyi_36.md":"B1qLbk6l","zhouyi_31.md":"CC2IEeMH","zhouyi_42.md":"AmTPBs83","zhouyi_26.md":"QEjsXaWt","zhouyi_13.md":"CypBBdIZ","zhouyi_21.md":"hTxo2Ebj","zhouyi_5.md":"CVcFoQoJ","zhouyi_25.md":"B6-rCBru","zhouyi_11.md":"BgoNwrSB","zhouyi_33.md":"Wmba-7Me"}
