{
  "hash": "39a9d53f",
  "configHash": "124e2db3",
  "lockfileHash": "7e09ce3d",
  "browserHash": "80ddabe8",
  "optimized": {
    "vue": {
      "src": "../../../node_modules/.pnpm/vue@3.4.27/node_modules/vue/dist/vue.runtime.esm-bundler.js",
      "file": "vue.js",
      "fileHash": "2922a38d",
      "needsInterop": false
    },
    "vitepress > @vue/devtools-api": {
      "src": "../../../node_modules/.pnpm/@vue+devtools-api@7.1.3_vue@3.4.27/node_modules/@vue/devtools-api/dist/index.js",
      "file": "vitepress___@vue_devtools-api.js",
      "fileHash": "79b9cd30",
      "needsInterop": false
    },
    "vitepress > @vueuse/core": {
      "src": "../../../node_modules/.pnpm/@vueuse+core@10.9.0_vue@3.4.27/node_modules/@vueuse/core/index.mjs",
      "file": "vitepress___@vueuse_core.js",
      "fileHash": "e8beeb2e",
      "needsInterop": false
    }
  },
  "chunks": {
    "chunk-RV5F5XHA": {
      "file": "chunk-RV5F5XHA.js"
    }
  }
}